{"preferredFilename":"tree_root_data.csv","version":"1.0","dataResult":{"dataURL":"file:\/\/\/Users\/gabrielsalgado\/Downloads\/tree_root\/tree_root_data.csv","columns":["distance","temperature","humidity","label","timestamp"],"dataSourceID":"62D5C24D-30A9-4983-A8CC-D7685D7ACC6B","createdDate":"2024-12-08T13:41:35Z","dataAnalysis":{"summary":{"sampleCount":12,"canUseValidation":0},"classifierAnalysis":{},"objectDetectorAnalysis":{"details":{}},"issues":[{"description":"No target selected","severity":"notReady"},{"severity":"info","description":"Data has 12 rows"},{"severity":"notReady","description":"No features selected"}]},"error":{"domain":"composer.error.domain","code":1000,"errorType":"notReady","reason":"No target selected"},"itemsCount":12,"columnValues":["36.81, 36.82, 36.82, 36.82, 1.97, 7.43, 2.92, 2.92, 15.83, 1.97, 1.97, 36.58","24.90, 25.00, 25.00, 25.00, 25.00, 25.00, 25.00, 25.00, 25.00, 24.90, 25.00, 24.90","49.00, 49.00, 49.00, 49.00, 49.00, 49.00, 49.00, 49.00, 49.00, 49.00, 49.00, 49.00","0, 0, 0, 0, 1, 1, 1, 1, 0, 1, 1, 0","2024-12-07 08:14:34, 2024-12-07 08:14:36, 2024-12-07 08:14:38, 2024-12-07 08:14:41, 2024-12-07 08:14:43, 2024-12-07 08:14:45, 2024-12-07 08:14:47, 2024-12-07 08:14:49, 2024-12-07 08:14:51, 2024-12-07 08:14:53, 2024-12-07 08:14:55, 2024-12-07 08:14:57"],"columnTypes":["Double","Double","Double","Int","String"]},"createdDate":"2024-12-08T13:41:35Z","dataURL":"file:\/\/\/Users\/gabrielsalgado\/Downloads\/tree_root\/tree_root_data.csv","title":"tree_root_data.csv","experimentIDs":["44748C5C-2396-42B6-8C4F-F62B030C7532"],"modifiedDate":"2024-12-08T13:44:27Z","id":"62D5C24D-30A9-4983-A8CC-D7685D7ACC6B","dataPathRelativeToProjectURL":"..\/tree_root_data.csv\/","activityEntities":["dataSourceTrainingStarted",[{"subtitle":"MyTabularClassifier 1","event":"dataSourceTrainingStarted","createdDate":"2024-12-08T13:44:27Z","id":"CF85D02E-4522-480D-89FE-7FC5533E8FDA","title":"Used By"}],"dataSourceMetrics",[{"id":"029934F3-D2FF-4DFB-8FCA-9E3DE3C5C60B","event":"dataSourceMetrics","title":"Data Summary","createdDate":"2024-12-08T13:44:27Z","subtitle":"2 Classes, 12 Items"}]],"pathType":0}