{"modelEntity":{"id":"6C507B6C-84EC-4B10-8DB5-CA43E455C222","preferredFilename":"","experimentID":"44748C5C-2396-42B6-8C4F-F62B030C7532","createdDate":"2024-12-08T13:41:26Z","title":"","modelURL":"Models\/MyTabularClassifier%201.mlmodel","modifiedDate":"2024-12-08T13:41:26Z","version":"1.0"},"evaluationState":"uninitialized","validationEntity":{"dataResult":{"createdDate":"2024-12-08T13:41:35Z"},"analysedDataType":"auto"},"evaluationEntity":{"dataResult":{},"analysedDataType":"none","id":"89ee53da-feb1-4b36-a1b4-09363002a720"},"trainingEntity":{"trainingResults":{"generalClassifier":{"confusionMatrix":[],"accuracy":1,"statsByLabel":{"1":{"count":6,"precisionRecall":{"success":{"precision":1,"recall":1}}},"0":{"precisionRecall":{"success":{"recall":1,"precision":1}},"count":5}}}},"validationAccuracy":1,"dataResult":{"dataURL":"file:\/\/\/Users\/gabrielsalgado\/Downloads\/tree_root\/tree_root_data.csv","classesCount":2,"columns":["distance","temperature","humidity","label","timestamp"],"createdDate":"2024-12-08T13:41:35Z","dataSourceID":"62D5C24D-30A9-4983-A8CC-D7685D7ACC6B","dataAnalysis":{"summary":{"canUseValidation":0,"classCount":2,"sampleCount":12},"classifierAnalysis":{},"objectDetectorAnalysis":{"details":{}},"issues":[{"severity":"info","description":"Data has 12 rows"}]},"columnValues":["36.81, 36.82, 36.82, 36.82, 1.97, 7.43, 2.92, 2.92, 15.83, 1.97, 1.97, 36.58","24.90, 25.00, 25.00, 25.00, 25.00, 25.00, 25.00, 25.00, 25.00, 24.90, 25.00, 24.90","49.00, 49.00, 49.00, 49.00, 49.00, 49.00, 49.00, 49.00, 49.00, 49.00, 49.00, 49.00","0, 0, 0, 0, 1, 1, 1, 1, 0, 1, 1, 0","2024-12-07 08:14:34, 2024-12-07 08:14:36, 2024-12-07 08:14:38, 2024-12-07 08:14:41, 2024-12-07 08:14:43, 2024-12-07 08:14:45, 2024-12-07 08:14:47, 2024-12-07 08:14:49, 2024-12-07 08:14:51, 2024-12-07 08:14:53, 2024-12-07 08:14:55, 2024-12-07 08:14:57"],"itemsCount":12,"columnTypes":["Double","Double","Double","Int","String"]},"progress":[],"trainingAccuracy":1,"dataSourceID":"62D5C24D-30A9-4983-A8CC-D7685D7ACC6B","analysedDataType":"datasource","validationResults":{"generalClassifier":{"statsByLabel":{"0":{"count":1,"precisionRecall":{"success":{"recall":1,"precision":1}}}},"accuracy":1,"confusionMatrix":[]}},"snapshottableCheckpoints":{},"checkpointMetrics":{},"finishTime":"2024-12-08T13:44:28Z","startTime":"2024-12-08T13:44:27Z","featureExtractionCheckpointMayBeAvailable":false},"modifiedDate":"2024-12-08T13:44:34Z","state":"trained","settingEntity":{"suggestedColumnValues":["36.81, 36.82, 36.82, 36.82, 1.97, 7.43, 2.92, 2.92, 15.83, 1.97, 1.97, 36.58","24.90, 25.00, 25.00, 25.00, 25.00, 25.00, 25.00, 25.00, 25.00, 24.90, 25.00, 24.90","49.00, 49.00, 49.00, 49.00, 49.00, 49.00, 49.00, 49.00, 49.00, 49.00, 49.00, 49.00","0, 0, 0, 0, 1, 1, 1, 1, 0, 1, 1, 0","2024-12-07 08:14:34, 2024-12-07 08:14:36, 2024-12-07 08:14:38, 2024-12-07 08:14:41, 2024-12-07 08:14:43, 2024-12-07 08:14:45, 2024-12-07 08:14:47, 2024-12-07 08:14:49, 2024-12-07 08:14:51, 2024-12-07 08:14:53, 2024-12-07 08:14:55, 2024-12-07 08:14:57"],"generalClassifierType":{"logisticRegressionClassifier":{"l1Penalty":0,"convergenceThreshold":0.01,"featureRescaling":true,"l2Penalty":0.01,"stepSize":1}},"suggestedColumnTypes":["Double","Double","Double","Int","String"],"handActionClassifierAugmentations":[],"suggestedColumns":["distance","temperature","humidity","label","timestamp"],"seedType":"default","augmentations":[],"algorithmType":"maxEnt","transferLearningEmbeddingType":"dynamic","styleTransferAlgorithmType":"image","targetColumn":"label","harVideoAugmentations":0,"taskType":"generalClassifier","featureNames":["distance","temperature","humidity"],"handPoseClassifierAugmentations":[]},"snapshotRole":{"withoutSnapshots":0},"preferredFilename":"MyTabularClassifier 1","version":"1.0","id":"44748C5C-2396-42B6-8C4F-F62B030C7532","activityEntities":["trainingStarted",[{"event":"trainingStarted","createdDate":"2024-12-08T13:44:27Z","id":"8EE435ED-4DD2-4863-A7FD-570D858E3189","title":"Training Started","subtitle":"MyTabularClassifier 1"}],"experimentCreated",[{"title":"Model Source Created","createdDate":"2024-12-08T13:41:26Z","id":"2089FBB1-8A4F-46C4-8FBA-141F3AA2F59E","event":"experimentCreated","subtitle":"MyTabularClassifier 1"}],"trainingDataAdded",[{"title":"Training Data Added","createdDate":"2024-12-08T13:41:35Z","id":"2F5ECCA0-424A-416A-9C9A-19DC3E908CC6","subtitle":"tree_root_data.csv","event":"trainingDataAdded"}],"trainingFinished",[{"subtitle":"10 iterations","id":"4D085CC7-4571-4E42-BBAA-5C00129465D3","event":"trainingFinished","createdDate":"2024-12-08T13:44:28Z","title":"Training Completed"}]],"evaluationContainerEntity":{"validationEvaluationEntity":{"dataResult":{"createdDate":"2024-12-08T13:41:35Z"},"id":"3f0694a0-d904-4532-87cf-625851f0dd99","analysedDataType":"auto","evaluationResult":{"generalClassifier":{"accuracy":1,"statsByLabel":{"0":{"count":1,"precisionRecall":{"success":{"precision":1,"recall":1}}}},"confusionMatrix":[]}},"createdDate":"2024-12-08T13:41:26Z"},"evaluationEntities":[{"createdDate":"2024-12-08T13:44:34Z","id":"c12c7899-3658-4ff2-b86b-b09b3ff5c13b","dataResult":{},"analysedDataType":"none"}],"testingEvaluationEntity":{"dataResult":{"createdDate":"2024-12-08T13:41:35Z"},"analysedDataType":"none","id":"d8fb3691-b5a9-4bc2-bb8e-90ad65eb5534","createdDate":"2024-12-08T13:41:26Z"},"createdDate":"2024-12-08T13:44:34Z","previewType":"tabularClassifier","trainingEvaluationEntity":{"analysedDataType":"none","id":"533f9e75-f91d-4385-87fc-6e6f95db45b9","evaluationResult":{"generalClassifier":{"statsByLabel":{"0":{"precisionRecall":{"success":{"precision":1,"recall":1}},"count":5},"1":{"count":6,"precisionRecall":{"success":{"precision":1,"recall":1}}}},"accuracy":1,"confusionMatrix":[]}},"dataResult":{"dataURL":"file:\/\/\/Users\/gabrielsalgado\/Downloads\/tree_root\/tree_root_data.csv","dataAnalysis":{"classifierAnalysis":{},"summary":{"classCount":2,"canUseValidation":0,"sampleCount":12},"issues":[{"description":"Data has 12 rows","severity":"info"}],"objectDetectorAnalysis":{"details":{}}},"classesCount":2,"createdDate":"2024-12-08T13:41:35Z","itemsCount":12,"dataSourceID":"62D5C24D-30A9-4983-A8CC-D7685D7ACC6B"},"createdDate":"2024-12-08T13:41:26Z","dataSourceID":"62D5C24D-30A9-4983-A8CC-D7685D7ACC6B"},"modifiedDate":"2024-12-08T13:44:34Z","id":"c3cd34e5-2b6c-48de-ad1a-3fbb931ad1e9"},"title":"MyTabularClassifier 1","createdDate":"2024-12-08T13:41:26Z","contentDataResult":{"createdDate":"2024-12-08T13:41:35Z"}}